,Number of Patients with Mutation,Mutations for Genotype B HBsAg
0,p.Glu2Asp,5
1,p.Ala5Ser,4
2,p.Leu12Pro,1
3,p.Thr23Ala,1
4,p.Phe93Cys,1
5,p.Leu95Trp,1
6,p.Ser117Thr,1
7,p.Pro120Ser,1
8,p.Lys122Arg,3
9,p.Thr123Ala,1
10,p.Thr126Ala,3
11,p.Thr126Ser,1
12,p.Pro127Thr,1
13,p.Gln129Arg,1
14,p.Thr131Asn,1
15,p.Met133Leu,2
16,p.Met133Thr,2
17,p.Gly145Ala,1
18,p.Ala159Val,3
19,p.Tyr161Phe,3
20,p.Trp182Leu,3
21,p.Val184Ala,1
22,p.Trp196Ser,1
23,p.Trp196Leu,1
24,p.Pro203Gln,1
25,p.Ser204Asn,2
26,p.Ser204Arg,1
27,p.Ser210Arg,1
28,p.Phe220Leu,2
