,Number of Patients with Mutation,Mutations for Genotype C RT
0,p.Thr7Ala,1
1,p.His9Asn,3
2,p.Ser40Ala,1
3,p.Ser53Asn,1
4,p.Thr54Ser,1
5,p.Ser78Thr,4
6,p.Val84Met,1
7,p.Ile91Leu,16
8,p.Ser106Cys,2
9,p.Tyr124Cys,1
10,p.Thr128Asn,1
11,p.Met129Leu,1
12,p.Asp134Asn,4
13,p.Asp134Glu,10
14,p.Ser135Thr,1
15,p.Ser135Tyr,3
16,p.Asn139Lys,1
17,p.Leu145Met,3
18,p.Phe151Tyr,1
19,p.Ile163Val,4
20,p.Phe166Leu,1
21,p.Ile169Leu,1
22,p.Val191Ile,4
23,p.Leu199Val,1
24,p.Met204Ile,1
25,p.Val214Ala,2
26,p.Gln215His,2
27,p.Glu218Asp,2
28,p.Ser219Ala,2
29,p.Ser223Ala,17
30,p.Ile224Val,14
31,p.Asn238His,3
32,p.Asn248His,3
33,p.Leu269Ile,24
