,Number of Patients with Mutation,Mutations for Genotype Genotype D HBsAg
0,p.Glu2Gly,1
1,p.Glu2Ala,1
2,p.Glu2Val,1
3,p.Glu2Asp,8
4,p.Thr5Ala,1
5,p.Gly10Ala,1
6,p.Leu12Pro,1
7,p.Leu13Arg,1
8,p.Arg24Lys,2
9,p.Gln30Arg,1
10,p.Trp36Leu,1
11,p.Val96Ala,1
12,p.Tyr100Cys,2
13,p.Gln101Leu,1
14,p.Leu109Gln,5
15,p.Leu109Arg,2
16,p.Thr116Asn,1
17,p.Thr118Ala,1
18,p.Thr118Lys,2
19,p.Pro120Ser,6
20,p.Pro120Thr,5
21,p.Arg122Lys,2
22,p.Thr123Ala,2
23,p.Cys124Arg,1
24,p.Thr126Ile,1
25,p.Thr126Ser,1
26,p.Thr126Asn,1
27,p.Pro127Thr,4
28,p.Pro127Ser,1
29,p.Gln129Arg,1
30,p.Gln129His,1
31,p.Thr131Asn,1
32,p.Tyr134Phe,5
33,p.Ser143Leu,2
34,p.Gly145Arg,1
35,p.Gly145Ala,2
36,p.Cys149Arg,1
37,p.Gly159Ala,4
38,p.Trp172Leu,1
39,p.Leu173Phe,1
40,p.Leu173Pro,1
41,p.Ser174Asn,2
42,p.Trp182Leu,5
43,p.Val184Ala,2
44,p.Trp196Leu,3
45,p.Pro203Gln,3
46,p.Ser204Arg,11
47,p.Ser204Asn,6
48,p.Ser207Arg,15
49,p.Leu209Val,2
50,p.Ser210Arg,8
51,p.Leu213Ile,13
52,p.Phe220Leu,5
