,Number of Patients with Mutation,Mutations for Genotype A HBsAg
0,p.Glu2Gly,2
1,p.Glu2Asp,7
2,p.Gly10Glu,1
3,p.Thr23Ala,1
4,p.Arg24Lys,2
5,p.Trp36Leu,5
6,p.Phe93Cys,2
7,p.Val96Ala,1
8,p.Tyr100Ser,1
9,p.Tyr100Cys,3
10,p.Gln101Lys,3
11,p.Met103Ile,1
12,p.Val106Ala,1
13,p.Leu109Gln,3
14,p.Thr116Asn,1
15,p.Thr118Ala,2
16,p.Thr118Met,1
17,p.Gly119Arg,2
18,p.Pro120Ser,1
19,p.Pro120Thr,3
20,p.Lys122Arg,5
21,p.Thr125Met,1
22,p.Thr126Ala,1
23,p.Thr126Ser,3
24,p.Thr126Asn,2
25,p.Thr126Ile,2
26,p.Pro127Ser,3
27,p.Pro127Thr,4
28,p.Gln129Arg,4
29,p.Gln129His,1
30,p.Met133Leu,2
31,p.Met133Thr,5
32,p.Met133Ile,3
33,p.Phe134Val,1
34,p.Thr143Met,1
35,p.Asp144Ala,1
36,p.Asp144Gly,1
37,p.Gly145Arg,1
38,p.Cys149Arg,1
39,p.Ala159Val,2
40,p.Tyr161Phe,10
41,p.Trp172Arg,1
42,p.Trp172Leu,2
43,p.Trp182Leu,3
44,p.Val184Ala,1
45,p.Trp196Leu,1
46,p.Pro203Gln,1
47,p.Ser204Arg,7
48,p.Ser204Asn,15
49,p.Leu209Val,30
50,p.Ser210Arg,12
51,p.Phe220Leu,2
