,Number of Patients with Mutation,Mutations for Genotype A RT
0,p.Pro5His,1
1,p.His9Asn,1
2,p.Arg22His,1
3,p.Thr54Ser,2
4,p.Ser106Cys,1
5,p.Ser117Thr,1
6,p.Ser117Tyr,1
7,p.Ser119Thr,1
8,p.Thr128Ile,1
9,p.Thr128Asn,3
10,p.Leu129Met,32
11,p.Asp134Asn,1
12,p.Asp134Glu,4
13,p.Ser135Tyr,4
14,p.Tyr141Phe,2
15,p.Ser143Thr,3
16,p.Lys154Glu,1
17,p.Ile163Val,32
18,p.Ile169Leu,1
19,p.Ile187Leu,3
20,p.Val191Ile,1
21,p.Leu199Val,1
22,p.Met204Ile,1
23,p.Ser213Thr,6
24,p.Val214Ala,1
25,p.Gln215His,1
26,p.Leu217Arg,30
27,p.Glu218Asp,3
28,p.Ser219Ala,12
29,p.Asn238His,3
30,p.Asn248His,2
31,p.Asp263Glu,8
32,p.Gln267His,6
